{"Score": {"coef": {"government spending score": -0.7514867182347518, "government expenditure (% of GDP)": -0.6184856401976625, "government effectiveness": 0.3743076164905368, "school life expectancy (YEARS)": 0.36195781001620375, "GDP (billions PPP)": -0.36072909723222796, "rule of law": -0.34108999988848254, "political stability & absence of violence": -0.31990229411917226, "health expenditure per person": 0.31708909240793637, "tax burden score": 0.2950607278707509, "unemployment (%)": -0.2298106803507746, "GDP per capita (PPP)": 0.21783766964267653, "regulatory quality": 0.20648738015356727, "GDP growth(annual %)": 0.2014195356434789, "control of corruption": -0.1879456079533234, "health expenditure % of GDP": 0.18004541913217928, "political rights score ": -0.14159589752017532, "education expenditure per person ": -0.10305148813534924, "property rights score": 0.09648254195490079, "financial freedom score": -0.08917973975079638, "overall economic freedom score": -0.057079030260010113, "civil liberties score ": -0.05349550188677899, "government integrity score": 0.0468258310443001, "women MPs (% of all MPs)": 0.03729852326836323, "judicial effectiveness score": -0.020189556808444864, "education expenditure % of GDP": 0.01142334111695358}, "intercept": 1.0141156350639076}, "GINI index": {"coef": {"rule of law": -0.9164426835023859, "government expenditure (% of GDP)": -0.7298995710343505, "overall economic freedom score": -0.571021018456733, "GDP (billions PPP)": 0.5368408532430206, "health expenditure per person": -0.4913446821569427, "property rights score": 0.47871908727032336, "judicial effectiveness score": 0.3662850648475123, "unemployment (%)": 0.354665298700045, "financial freedom score": 0.335746577957837, "government effectiveness": 0.30069655990556765, "political rights score ": 0.2982568395327773, "education expenditure % of GDP": 0.28316934363770563, "civil liberties score ": -0.24441162596802563, "tax burden score": -0.24373940137060382, "political stability & absence of violence": 0.21785053755777342, "GDP per capita (PPP)": 0.21296096181345725, "regulatory quality": 0.18476700104266192, "government spending score": 0.15667569244747018, "education expenditure per person ": -0.13398689065411043, "GDP growth(annual %)": -0.12323837631258804, "control of corruption": 0.10310826840627517, "school life expectancy (YEARS)": -0.07232823249833102, "women MPs (% of all MPs)": -0.0672245646860536, "health expenditure % of GDP": -0.02854719253626914, "government integrity score": -0.006246307092592258}, "intercept": 0.4354673582669018}, "happy planet index": {"coef": {"rule of law": -0.5970026847438002, "school life expectancy (YEARS)": 0.5886606852733732, "health expenditure per person": 0.582540327294895, "government spending score": -0.5527147835884879, "government effectiveness": 0.4918123123313703, "GDP per capita (PPP)": 0.3966576844243254, "government expenditure (% of GDP)": -0.39013275933649555, "education expenditure per person ": -0.37793936628394303, "GDP (billions PPP)": -0.2650353137939677, "control of corruption": -0.257507535358803, "overall economic freedom score": 0.2513894685586385, "financial freedom score": -0.247279700456733, "GDP growth(annual %)": 0.2419146081647389, "political stability & absence of violence": -0.23132439333982482, "tax burden score": 0.1816271526842745, "property rights score": 0.13832523396028737, "regulatory quality": 0.13354101711539026, "government integrity score": 0.09739669853547644, "political rights score ": -0.09444694235507722, "judicial effectiveness score": 0.09121201224181945, "women MPs (% of all MPs)": -0.07412420904824488, "unemployment (%)": 0.07113606769546572, "civil liberties score ": -0.05508600012531548, "health expenditure % of GDP": -0.04592433680480124, "education expenditure % of GDP": 0.03378808770793698}, "intercept": 0.6473965294825286}, "human development index": {"coef": {"government expenditure (% of GDP)": -1.46986332158711, "government spending score": -1.404436022157907, "rule of law": -1.3518813210953382, "political stability & absence of violence": -0.5618967228387015, "government effectiveness": 0.5533206084059384, "regulatory quality": 0.5523797438759942, "GDP growth(annual %)": 0.5224554485512073, "GDP per capita (PPP)": 0.5191031476382103, "health expenditure per person": 0.4990918205901551, "GDP (billions PPP)": -0.47436166737726104, "school life expectancy (YEARS)": 0.45654079097428146, "tax burden score": 0.4279445402246155, "overall economic freedom score": -0.3845884648151806, "unemployment (%)": -0.37559817766596537, "property rights score": 0.35884438665274926, "civil liberties score ": -0.3084722205898436, "education expenditure per person ": -0.26773886994029533, "education expenditure % of GDP": 0.2648908205839487, "health expenditure % of GDP": 0.24990145132792824, "judicial effectiveness score": 0.23044253243853058, "political rights score ": -0.10719635569750431, "government integrity score": 0.06578297969889799, "financial freedom score": 0.0469209141709411, "women MPs (% of all MPs)": -0.028322190564917013, "control of corruption": 0.02819363600083233}, "intercept": 1.4897435563014567}, "world happiness report score": {"coef": {"GDP per capita (PPP)": 0.4511882640560967, "school life expectancy (YEARS)": 0.37485569471686403, "government spending score": -0.3741009916239877, "health expenditure per person": 0.26564821230616786, "education expenditure per person ": -0.2106614980888949, "government effectiveness": 0.19874288118504063, "GDP (billions PPP)": -0.18626675633666154, "regulatory quality": 0.1831716576249242, "government expenditure (% of GDP)": -0.18024448601412038, "overall economic freedom score": 0.1304261847233837, "financial freedom score": -0.12949260030234677, "tax burden score": 0.12693582799841285, "unemployment (%)": -0.1047102401976517, "political rights score ": -0.09694370622322235, "health expenditure % of GDP": 0.08680776582444256, "judicial effectiveness score": -0.0659299895963894, "civil liberties score ": 0.05996123360225449, "property rights score": -0.03978212539671194, "political stability & absence of violence": 0.03526057977455112, "rule of law": 0.03469084660387243, "control of corruption": -0.029194197695001645, "GDP growth(annual %)": -0.029140447369953484, "women MPs (% of all MPs)": 0.020870373307441806, "education expenditure % of GDP": -0.02001316710174488, "government integrity score": -0.012370414202167668}, "intercept": 0.3134150418123113}}
